SET GLOBAL event_scheduler="ON"

/* USERS */
INSERT IGNORE INTO `User` (`user_id`, `user_name`, `email`, `name`, `biography`, `password`) VALUES (1, 'dhoeger', 'allison.nader@example.net', 'Edwin Hauck', 'Maiores vitae omnis et enim quibusdam libero omnis. Debitis non dignissimos saepe distinctio ipsa voluptatem. Id est vel aperiam nulla tempore labore quas.', '1');
INSERT IGNORE INTO `User` (`user_id`, `user_name`, `email`, `name`, `biography`, `password`) VALUES (2, 'alubowitz', 'gus.hilll@example.net', 'Claudie Boyle', 'Facere minima totam ex dolorem ipsa. Qui quasi odit ipsam ratione dolorem facere quis.', '1');
INSERT IGNORE INTO `User` (`user_id`, `user_name`, `email`, `name`, `biography`, `password`) VALUES (3, 'orutherford', 'johan06@example.net', 'Pearl Schowalter MD', 'Ab a nihil expedita eum at laudantium iure. Quia et cupiditate excepturi et aut quo alias. Quis placeat alias voluptates nemo cupiditate et quas.', '1');
INSERT IGNORE INTO `User` (`user_id`, `user_name`, `email`, `name`, `biography`, `password`) VALUES (4, 'mueller.destin', 'abdullah.dibbert@example.net', 'Jesse Schiller', 'Nihil eius natus repellendus sequi iste eius accusantium expedita. Iusto ipsam officia et voluptatem distinctio corporis. Dolore enim praesentium ratione corporis id.', '1');
INSERT IGNORE INTO `User` (`user_id`, `user_name`, `email`, `name`, `biography`, `password`) VALUES (5, 'kovacek.ryan', 'jovani.hahn@example.com', 'Mr. Helmer Lubowitz I', 'Pariatur ut corrupti blanditiis eligendi ducimus quo magni. Itaque suscipit sit quam. Libero similique tempore quia molestiae. Ut ut repudiandae necessitatibus quasi molestias quod.', '1');
INSERT IGNORE INTO `User` (`user_id`, `user_name`, `email`, `name`, `biography`, `password`) VALUES (6, 'gerardo03', 'santina.lebsack@example.net', 'Bart Harvey', 'Ab eum recusandae facere aut occaecati et eum quia. Aperiam iure dolor nihil. Iure sunt neque molestiae at cumque. Dolorem harum natus magni perspiciatis aperiam corporis facere amet. Sapiente officiis necessitatibus omnis enim ratione rerum.', '1');
INSERT IGNORE INTO `User` (`user_id`, `user_name`, `email`, `name`, `biography`, `password`) VALUES (7, 'dlesch', 'wsanford@example.com', 'Fannie Bednar', 'Laborum ut maxime et doloribus iste. Repellat tempore incidunt repellendus nesciunt corporis omnis. Nobis nihil consequatur quia eos qui numquam. Dolor accusantium facere vel reiciendis velit molestias aperiam.', '1');
INSERT IGNORE INTO `User` (`user_id`, `user_name`, `email`, `name`, `biography`, `password`) VALUES (8, 'mabel.mosciski', 'kasey.miller@example.com', 'Pearline Goldner V', 'Quae voluptas numquam pariatur reiciendis et qui. Qui quis vero ut et itaque. Aut deleniti vel explicabo eum maxime assumenda reiciendis. Architecto eum labore voluptate sunt minima dolores molestiae.', '1');
INSERT IGNORE INTO `User` (`user_id`, `user_name`, `email`, `name`, `biography`, `password`) VALUES (9, 'newton.lehner', 'akihn@example.net', 'Marc Rath', 'Qui repudiandae ut cum qui at beatae. Suscipit minus est ratione sunt velit harum. In tempore pariatur sequi officia ratione.', '1');
INSERT IGNORE INTO `User` (`user_id`, `user_name`, `email`, `name`, `biography`, `password`) VALUES (10, 'vlarson', 'kassandra.dickens@example.net', 'Prof. Ulices Reichel', 'Ducimus sint beatae facere dolor ea ab occaecati. Magnam assumenda quis rerum suscipit rem repellendus. Et quos consequatur aliquam adipisci eos.', '1');


INSERT IGNORE INTO `User` (`user_id`, `user_name`, `email`, `name`, `biography`, `password`) VALUES (11, 'profmahmut', 'prfmht@example.net', 'Prof Mahmut', 'Facere minima totam ex dolorem ipsa. Qui quasi odit ipsam ratione dolorem facere quis.', '1');
INSERT IGNORE INTO `User` (`user_id`, `user_name`, `email`, `name`, `biography`, `password`) VALUES (12, 'bilalg', 'domdom@example.net', 'Bilal Goregen', 'Ab a nihil expedita eum at laudantium iure. Quia et cupiditate excepturi et aut quo alias. Quis placeat alias voluptates nemo cupiditate et quas.', '1');
INSERT IGNORE INTO `User` (`user_id`, `user_name`, `email`, `name`, `biography`, `password`) VALUES (13, 'dustin', 'duston.dibbert@example.net', 'Dustin Schiller', 'Nihil eius natus repellendus sequi iste eius accusantium expedita. Iusto ipsam officia et voluptatem distinctio corporis. Dolore enim praesentium ratione corporis id.', '1');
INSERT IGNORE INTO `User` (`user_id`, `user_name`, `email`, `name`, `biography`, `password`) VALUES (14, 'kagni', 'kagin.hahn@example.com', 'Mr. Kagni Lsubowitz I', 'Pariatur ut corrupti blanditiis eligendi ducimus quo magni. Itaque suscipit sit quam. Libero similique tempore quia molestiae. Ut ut repudiandae necessitatibus quasi molestias quod.', '1');
INSERT IGNORE INTO `User` (`user_id`, `user_name`, `email`, `name`, `biography`, `password`) VALUES (15, 'ahmtyls', 'ahmet.lebsack@example.net', 'Ahmet Yalis', 'Ab eum recusandae facere aut occaecati et eum quia. Aperiam iure dolor nihil. Iure sunt neque molestiae at cumque. Dolorem harum natus magni perspiciatis aperiam corporis facere amet. Sapiente officiis necessitatibus omnis enim ratione rerum.', '1');
INSERT IGNORE INTO `User` (`user_id`, `user_name`, `email`, `name`, `biography`, `password`) VALUES (16, 'ibolipa', 'ibolipa@example.com', 'Ibrahim Dua Lipa', 'Laborum ut maxime et doloribus iste. Repellat tempore incidunt repellendus nesciunt corporis omnis. Nobis nihil consequatur quia eos qui numquam. Dolor accusantium facere vel reiciendis velit molestias aperiam.', '1');
INSERT IGNORE INTO `User` (`user_id`, `user_name`, `email`, `name`, `biography`, `password`) VALUES (17, 'cfkennedy', 'cckadam.miller@example.com', 'Cihangir Kennedy', 'Quae voluptas numquam pariatur reiciendis et qui. Qui quis vero ut et itaque. Aut deleniti vel explicabo eum maxime assumenda reiciendis. Architecto eum labore voluptate sunt minima dolores molestiae.', '1');
INSERT IGNORE INTO `User` (`user_id`, `user_name`, `email`, `name`, `biography`, `password`) VALUES (18, 'vverss', 'vsds@example.net', 'Vers Rath', 'Qui repudiandae ut cum qui at beatae. Suscipit minus est ratione sunt velit harum. In tempore pariatur sequi officia ratione.', '1');
INSERT IGNORE INTO `User` (`user_id`, `user_name`, `email`, `name`, `biography`, `password`) VALUES (19, 'clarsn', 'calsd.dickens@example.net', 'Prof. Ulrich Clars', 'Ducimus sint beatae facere dolor ea ab occaecati. Magnam assumenda quis rerum suscipit rem repellendus. Et quos consequatur aliquam adipisci eos.', '1');

/* Librarian */

INSERT IGNORE INTO `Librarian` (`user_id`) VALUES (9);

/* Author */
INSERT IGNORE INTO `Author` (`user_id`, `is_verified`, `verifier_id`) VALUES (1, 1, 9);
INSERT IGNORE INTO `Author` (`user_id`, `is_verified`, `verifier_id`) VALUES (3, 0, NULL);

INSERT IGNORE INTO `Author` (`user_id`, `is_verified`, `verifier_id`) VALUES (11, 1, 9);
INSERT IGNORE INTO `Author` (`user_id`, `is_verified`, `verifier_id`) VALUES (12, 1, 9);
INSERT IGNORE INTO `Author` (`user_id`, `is_verified`, `verifier_id`) VALUES (13, 1, 9);
INSERT IGNORE INTO `Author` (`user_id`, `is_verified`, `verifier_id`) VALUES (14, 1, 9);
INSERT IGNORE INTO `Author` (`user_id`, `is_verified`, `verifier_id`) VALUES (15, 1, 9);
INSERT IGNORE INTO `Author` (`user_id`, `is_verified`, `verifier_id`) VALUES (16, 1, 9);
INSERT IGNORE INTO `Author` (`user_id`, `is_verified`, `verifier_id`) VALUES (17, 1, 9);
INSERT IGNORE INTO `Author` (`user_id`, `is_verified`, `verifier_id`) VALUES (18, 1, 9);
INSERT IGNORE INTO `Author` (`user_id`, `is_verified`, `verifier_id`) VALUES (19, 1, 9);



/*Thread*/
INSERT IGNORE INTO `Thread` (`tid`, `name`, `context`) VALUES (1, 'Science Fiction', 'Sci-fi is among the most popular book genre there is. With movie adaptations like Star Wars and Hitchhiker’s Guide to the Galaxy, this genre has exploded and is abundant in the book world.');
INSERT IGNORE INTO `Thread` (`tid`, `name`, `context`) VALUES (2, 'Adventure', 'Writing a novel in the adventure category will require a trip, journey, or quest of some kind as the overall plot.');
INSERT IGNORE INTO `Thread` (`tid`, `name`, `context`) VALUES (3, 'Fantasy', 'Fantasy encompasses a huge part of the book world. It’s one of the most popular book genres out there—a personal favorite of mine to read and write.');
INSERT IGNORE INTO `Thread` (`tid`, `name`, `context`) VALUES (4, 'Science', 'Sci-fi is among the most popular book genre there is. With movie adaptations like Star Wars and Hitchhiker’s Guide to the Galaxy, this genre has exploded and is abundant in the book world.');
INSERT IGNORE INTO `Thread` (`tid`, `name`, `context`) VALUES (5, 'Education', 'Writing a novel in the adventure category will require a trip, journey, or quest of some kind as the overall plot.');
INSERT IGNORE INTO `Thread` (`tid`, `name`, `context`) VALUES (6, 'Romance', 'Fantasy encompasses a huge part of the book world. It’s one of the most popular book genres out there—a personal favorite of mine to read and write.');

/*Posts*/

INSERT IGNORE INTO `Post` (`pid`, `tid`, `user_id`, `like_count`, `title`, `text`, `date`) VALUES (1, 6, 9, 13, 'Laudantium ex deserunt aut necessitatibus enim tempora blanditii', 'Voluptatibus officiis facilis dolorum ea inventore. Porro aut ut magni ipsum ab neque. Temporibus cum tempora suscipit modi atque qui et.', '1995-02-21 09:34:29');
INSERT IGNORE INTO `Post` (`pid`, `tid`, `user_id`, `like_count`, `title`, `text`, `date`) VALUES (2, 4, 8, 73, 'Est illum voluptatem beatae.', 'Non est non officiis. Aliquam expedita quo et ducimus mollitia minima. In aut voluptatem nemo voluptas ut nisi.', '2006-05-17 13:27:27');
INSERT IGNORE INTO `Post` (`pid`, `tid`, `user_id`, `like_count`, `title`, `text`, `date`) VALUES (3, 4, 1, 86, 'Libero laudantium et quod sit quidem ex.', 'Illum laborum aut nam rem. Assumenda est aut doloremque quia. Hic vel eveniet nisi cupiditate sequi corporis libero.', '1995-01-06 00:33:12');
INSERT IGNORE INTO `Post` (`pid`, `tid`, `user_id`, `like_count`, `title`, `text`, `date`) VALUES (4, 2, 2, 71, 'One of the greatest works in literature', 'In the course of their travels, the protagonists meet innkeepers, prostitutes, goat-herders, soldiers, priests, escaped convicts and scorned lovers. The aforementioned characters sometimes tell tales that incorporate events from the real world. Their encounters are magnified by Don Quixote''s imagination into chivalrous quests. Don Quixote''s tendency to intervene violently in matters irrelevant to himself, and his habit of not paying debts, result in privations, injuries, and humiliations (with Sancho often the victim). Finally, Don Quixote is persuaded to return to his home village. The narrator hints that there was a third quest, but says that records of it have been lost.', '1978-12-05 23:10:06');
INSERT IGNORE INTO `Post` (`pid`, `tid`, `user_id`, `like_count`, `title`, `text`, `date`) VALUES (5, 5, 10, 6, 'Iste dignissimos possimus et.', 'Incidunt occaecati minus occaecati illum ea necessitatibus quidem. Sit quia adipisci assumenda consequuntur. Fugiat esse quia magni et.', '1981-11-25 15:40:35');
INSERT IGNORE INTO `Post` (`pid`, `tid`, `user_id`, `like_count`, `title`, `text`, `date`) VALUES (6, 1, 8, 1, 'Galactic traveler', 'The first radio series comes from a proposal called "The Ends of the Earth": six self-contained episodes, all ending with Earth being destroyed in a different way. While writing the first episode, Adams realized that he needed someone on the planet who was an alien to provide some context, and that this alien needed a reason to be there. Adams finally settled on making the alien a roving researcher for a "wholly remarkable book" named The Hitchhiker''s Guide to the Galaxy. As the first radio episode''s writing progressed, the Guide became the centre of his story, and he decided to focus the series on it, with the destruction of Earth being the only hold-over.', '1998-01-10 09:35:37');
INSERT IGNORE INTO `Post` (`pid`, `tid`, `user_id`, `like_count`, `title`, `text`, `date`) VALUES (7, 5, 9, 25, 'Exercitationem reprehenderit quibusdam ex dolores voluptatem sim', 'Consequatur aut sunt voluptatem. Ut inventore aut expedita nihil rerum est molestias. Iusto qui totam aut. Voluptatem dicta asperiores sed eum et autem placeat nulla.', '1981-02-18 09:15:26');
INSERT IGNORE INTO `Post` (`pid`, `tid`, `user_id`, `like_count`, `title`, `text`, `date`) VALUES (8, 1, 7, 36, 'Portrays life in a future time', 'One day, Julia secretly hands Winston a note saying she loves him, and the two begin a torrid affair; an act of rebellion as the Party insists that sex is only for reproduction. Julia shares Winston''s loathing of the Party, but he realizes that she is politically apathetic and uninterested in overthrowing the regime, thinking it impossible. Initially meeting in the country, they later meet in a rented room above Mr. Charrington''s shop. During his affair with Julia, Winston remembers the disappearance of his family during the civil war of the 1950s and his tense relationship with his wife Katharine, from whom he is separated (divorce is not permitted by the Party).', '1986-05-14 22:13:06');
INSERT IGNORE INTO `Post` (`pid`, `tid`, `user_id`, `like_count`, `title`, `text`, `date`) VALUES (9, 1, 6, 44, 'Enim incidunt ducimus consequatur dicta.', 'Nesciunt dolores eos quis laboriosam ratione. Esse exercitationem quas aut unde. Consectetur non iusto repellendus minima. Optio inventore maxime voluptatibus iusto autem eligendi alias.', '1974-05-02 03:58:50');
INSERT IGNORE INTO `Post` (`pid`, `tid`, `user_id`, `like_count`, `title`, `text`, `date`) VALUES (10, 4, 2, 41, 'Laudantium nam sunt magnam porro praesentium.', 'Ullam ut sit asperiores id. Omnis rem soluta dolorum quibusdam aliquam iste vitae. Eum sint porro soluta libero. Commodi facere cumque unde quae sequi in saepe eveniet.', '2015-07-12 22:22:44');
INSERT IGNORE INTO `Post` (`pid`, `tid`, `user_id`, `like_count`, `title`, `text`, `date`) VALUES (11, 5, 9, 17, 'Dolore itaque dolores accusantium dolores.', 'Voluptatem voluptas veritatis non assumenda nisi totam. Recusandae tenetur quas eum aut consectetur ut aut. Voluptas et atque voluptate et et cupiditate.', '1980-09-24 06:46:33');
INSERT IGNORE INTO `Post` (`pid`, `tid`, `user_id`, `like_count`, `title`, `text`, `date`) VALUES (12, 1, 5, 80, 'Ab asperiores suscipit esse sed est sequi.', 'Qui earum vero dolorem. Consequuntur excepturi ut fugiat repellat modi. Laborum qui eligendi unde id facilis reprehenderit ea qui. Incidunt ea eius animi laudantium.', '1997-05-31 04:49:25');
INSERT IGNORE INTO `Post` (`pid`, `tid`, `user_id`, `like_count`, `title`, `text`, `date`) VALUES (13, 6, 6, 7, 'Incidunt et mollitia laudantium earum illum.', 'Expedita dolorem repellendus rerum neque quisquam autem. Omnis ea aut est quia deleniti incidunt est. Recusandae nulla nostrum aliquid veniam modi ut. Labore ad sunt ab vel voluptatem.', '1970-03-02 17:54:55');
INSERT IGNORE INTO `Post` (`pid`, `tid`, `user_id`, `like_count`, `title`, `text`, `date`) VALUES (14, 4, 4, 20, 'Mollitia aliquam blanditiis labore vero accusantium qui maiores ', 'Similique laboriosam sed libero dicta rerum facilis beatae. Ipsa ipsam ut similique et.', '1999-10-09 03:56:48');
INSERT IGNORE INTO `Post` (`pid`, `tid`, `user_id`, `like_count`, `title`, `text`, `date`) VALUES (15, 5, 1, 0, 'Mollitia dicta itaque eum culpa laudantium voluptatem iste.', 'Iste neque ea iste. Corrupti iste nobis ut aut a est. Ipsum eaque voluptatem voluptatum dolorum hic.', '2019-11-04 00:29:33');
INSERT IGNORE INTO `Post` (`pid`, `tid`, `user_id`, `like_count`, `title`, `text`, `date`) VALUES (16, 1, 8, 10, 'Sunt ab assumenda officiis voluptas.', 'Recusandae earum minus pariatur eius praesentium. Dolor et nisi doloribus cupiditate. Vel ad error accusantium ab. Deserunt amet eos officiis facilis consequatur.', '2016-09-29 09:46:24');
INSERT IGNORE INTO `Post` (`pid`, `tid`, `user_id`, `like_count`, `title`, `text`, `date`) VALUES (17, 6, 7, 90, 'Sed quisquam vero magni vitae sed.', 'Ducimus labore minima enim corrupti delectus molestiae voluptas. Tempore voluptatem harum molestiae dolores sunt. Ipsam laboriosam ut quia voluptate sapiente.', '1982-01-18 10:15:47');
INSERT IGNORE INTO `Post` (`pid`, `tid`, `user_id`, `like_count`, `title`, `text`, `date`) VALUES (18, 3, 5, 91, 'Saepe placeat sunt ut labore ut.', 'Commodi sunt consequatur assumenda excepturi. Quasi voluptas non rerum consequatur voluptas. Velit ratione id aut unde quod.', '2020-03-29 01:40:21');
INSERT IGNORE INTO `Post` (`pid`, `tid`, `user_id`, `like_count`, `title`, `text`, `date`) VALUES (19, 5, 8, 3, 'Quasi illo reprehenderit autem omnis.', 'Pariatur ut quae blanditiis sit culpa. Et enim non quis.', '1980-12-18 18:15:01');
INSERT IGNORE INTO `Post` (`pid`, `tid`, `user_id`, `like_count`, `title`, `text`, `date`) VALUES (20, 4, 6, 47, 'Culpa ut temporibus officia et beatae.', 'Ut eos quos nam. Doloremque et aut quia qui non modi ipsum. Corrupti ab beatae quo optio beatae commodi. Deserunt deleniti fugiat nulla praesentium.', '1997-12-01 01:10:45');

/*friend_of*/

INSERT IGNORE INTO `friend_of` VALUES (8, 10, b'1');
INSERT IGNORE INTO `friend_of` VALUES (10, 2, b'1');
INSERT IGNORE INTO `friend_of` VALUES (7, 6, b'1');
INSERT IGNORE INTO `friend_of` VALUES (6, 5, b'1');
INSERT IGNORE INTO `friend_of` VALUES (5, 9, b'1');
INSERT IGNORE INTO `friend_of` VALUES (3, 6, b'1');
INSERT IGNORE INTO `friend_of` VALUES (4, 7, b'1');

/*Comment*/
INSERT IGNORE INTO `Comment` (`cid`, `user_id`, `text`, `date`) VALUES (1, 9, 'Sunt voluptas odit rerum. Nisi inventore aut est. Soluta illo sit natus.', '1973-09-11 10:15:35');
INSERT IGNORE INTO `Comment` (`cid`, `user_id`, `text`, `date`) VALUES (2, 6, 'Laborum modi dolore velit sit omnis. Culpa odio quo excepturi et.', '1973-01-27 16:02:53');
INSERT IGNORE INTO `Comment` (`cid`, `user_id`, `text`, `date`) VALUES (3, 4, 'In enim ad quo dolorem. Est vitae ut amet ex accusamus sed amet. Ut et et et blanditiis.', '2014-05-16 15:44:26');
INSERT IGNORE INTO `Comment` (`cid`, `user_id`, `text`, `date`) VALUES (4, 3, 'Ad voluptas id dolorem cumque enim. Magnam perspiciatis voluptate quia recusandae.', '2007-03-29 06:56:02');
INSERT IGNORE INTO `Comment` (`cid`, `user_id`, `text`, `date`) VALUES (5, 1, 'Et optio asperiores quos omnis ab. Et nostrum et minus non ut. Ut quos ea dolor deleniti qui sint.', '1996-01-11 12:12:11');
INSERT IGNORE INTO `Comment` (`cid`, `user_id`, `text`, `date`) VALUES (6, 9, 'Doloremque ut facere quae labore ullam. Quis sint impedit totam tempora enim laborum suscipit ut.', '2008-04-29 13:58:47');
INSERT IGNORE INTO `Comment` (`cid`, `user_id`, `text`, `date`) VALUES (7, 10, 'Ab consequatur et velit similique corrupti. Vel dolorem temporibus sint. Natus a vero et labore.', '2003-06-21 19:53:41');
INSERT IGNORE INTO `Comment` (`cid`, `user_id`, `text`, `date`) VALUES (8, 6, 'Sit fugit et et et tenetur tempore ad. Quia aut aut eos.', '2014-12-31 04:57:34');
INSERT IGNORE INTO `Comment` (`cid`, `user_id`, `text`, `date`) VALUES (9, 5, 'Suscipit est provident autem quasi. Quibusdam ad sed voluptatem soluta.', '1988-05-27 02:36:30');
INSERT IGNORE INTO `Comment` (`cid`, `user_id`, `text`, `date`) VALUES (10, 5, 'Quae at ullam eum corporis quisquam incidunt. Laborum modi neque id pariatur occaecati et adipisci.', '2019-06-24 07:16:23');

/*post_comment */

INSERT IGNORE INTO `post_comment` (`cid`, `pid`) VALUES (4, 1);
INSERT IGNORE INTO `post_comment` (`cid`, `pid`) VALUES (1, 5);
INSERT IGNORE INTO `post_comment` (`cid`, `pid`) VALUES (6, 6);
INSERT IGNORE INTO `post_comment` (`cid`, `pid`) VALUES (3, 9);
INSERT IGNORE INTO `post_comment` (`cid`, `pid`) VALUES (5, 11);
INSERT IGNORE INTO `post_comment` (`cid`, `pid`) VALUES (10, 11);
INSERT IGNORE INTO `post_comment` (`cid`, `pid`) VALUES (8, 15);
INSERT IGNORE INTO `post_comment` (`cid`, `pid`) VALUES (2, 16);
INSERT IGNORE INTO `post_comment` (`cid`, `pid`) VALUES (7, 19);
INSERT IGNORE INTO `post_comment` (`cid`, `pid`) VALUES (9, 19);



/* Book */
INSERT IGNORE INTO `Book` (`book_id`, `title`, `description`, `genre`, `year`, `img_url`, `pages`) VALUES (1, 'Officiis sint.', 'Soluta sit autem odit totam quasi sunt. Sed reiciendis aliquid omnis doloremque perferendis et.', 'Molestiae.', 2014, 'http://www.larkin.com/', 210);
INSERT IGNORE INTO `Book` (`book_id`, `title`, `description`, `genre`, `year`, `img_url`, `pages`) VALUES (2, 'Levan Polka.', 'Ad dolor eveniet aliquid error eveniet minima. Id repudiandae dicta perferendis commodi reiciendis officia.', 'Dolorem eaque.', 2012, 'http://koss.com/', 150);
INSERT IGNORE INTO `Book` (`book_id`, `title`, `description`, `genre`, `year`, `img_url`, `pages`) VALUES (3, 'Nostrum excepturi consequatur.', 'Dolorum placeat incidunt et vitae. Illo non adipisci expedita et rerum inventore facere ipsa. Similique iste maxime iusto nihil quisquam quis.', 'Dignissimos alias.', 2005, 'http://www.morissette.biz/', 110);
INSERT IGNORE INTO `Book` (`book_id`, `title`, `description`, `genre`, `year`, `img_url`, `pages`) VALUES (4, 'Quas placeat nobis.', 'Id rem perferendis voluptatem quis maiores itaque aut. Ea vero nemo sit doloremque consequatur.', 'Corrupti voluptatum.', 2011, 'http://www.reilly.info/', 172);
INSERT IGNORE INTO `Book` (`book_id`, `title`, `description`, `genre`, `year`, `img_url`, `pages`) VALUES (5, 'Quia distinctio est.', 'Ducimus deleniti sit doloribus doloremque voluptas dolor. Beatae vel molestiae ut quisquam. Fugit velit autem sint inventore neque natus.', 'Corrupti est.', 1987, 'http://hackett.com/', 137);
INSERT IGNORE INTO `Book` (`book_id`, `title`, `description`, `genre`, `year`, `img_url`, `pages`) VALUES (6, 'Commodi tempora quasi.', 'Dolor debitis natus dolor sapiente rem iusto. Provident quam et quo labore assumenda corrupti tempora voluptas. Et in officia cum expedita.', 'Facere.', 1996, 'http://deckow.com/', 520);
INSERT IGNORE INTO `Book` (`book_id`, `title`, `description`, `genre`, `year`, `img_url`, `pages`) VALUES (7, 'Dom Dom Kursunu.', 'Tempore deleniti eius adipisci est autem. Quis rem similique esse voluptatem ad. Eum aut qui vitae rerum aut non molestias adipisci.', 'Ut.', 1986, 'http://west.org/', 27);
INSERT IGNORE INTO `Book` (`book_id`, `title`, `description`, `genre`, `year`, `img_url`, `pages`) VALUES (8, 'Et ipsa veniam.', 'Explicabo inventore non quis quos dicta at. Dolorum maxime in natus mollitia dolore est.', 'Nihil accusantium.', 2019, 'http://will.org/', 50);
INSERT IGNORE INTO `Book` (`book_id`, `title`, `description`, `genre`, `year`, `img_url`, `pages`) VALUES (9, 'Neon Sign', 'Labore quia eaque deleniti tempore. Nisi blanditiis non praesentium.', 'Cupiditate impedit.', 2006, 'http://buckridge.net/',720);
INSERT IGNORE INTO `Book` (`book_id`, `title`, `description`, `genre`, `year`, `img_url`, `pages`) VALUES (10, 'Omnis molestiae omnis.', 'Delectus non repudiandae similique et debitis quaerat. Sequi dicta at quibusdam occaecati sed facere qui. Porro reprehenderit saepe aut incidunt consequatur eaque maiores.', 'Eius.', 1991, 'http://www.hoeger.org/', 530);

/* Publishes */

INSERT IGNORE INTO `publishes` (`author_id`, `book_id`) VALUES (1, 4);
INSERT IGNORE INTO `publishes` (`author_id`, `book_id`) VALUES (1, 8);

INSERT IGNORE INTO `publishes` (`author_id`, `book_id`) VALUES (11, 1);
INSERT IGNORE INTO `publishes` (`author_id`, `book_id`) VALUES (12, 2);
INSERT IGNORE INTO `publishes` (`author_id`, `book_id`) VALUES (13, 3);
INSERT IGNORE INTO `publishes` (`author_id`, `book_id`) VALUES (14, 5);
INSERT IGNORE INTO `publishes` (`author_id`, `book_id`) VALUES (15, 6);
INSERT IGNORE INTO `publishes` (`author_id`, `book_id`) VALUES (16, 7);
INSERT IGNORE INTO `publishes` (`author_id`, `book_id`) VALUES (17, 9);
INSERT IGNORE INTO `publishes` (`author_id`, `book_id`) VALUES (18, 10);


/* Book_list */
INSERT IGNORE INTO `Book_list` (`bl_id`, `user_id`, `name`, `book_count`) VALUES (1, 7, 'aut', 5);
INSERT IGNORE INTO `Book_list` (`bl_id`, `user_id`, `name`, `book_count`) VALUES (2, 2, 'magnam', 4);

/* Challange */

INSERT IGNORE INTO `Challenge` (`chal_id`, `librarian_id`, `bl_id`, `challenge_name`, `due_date`) VALUES (1, 9, 1, 'The Best 100 Challenge', '2021-10-15');
INSERT IGNORE INTO `Challenge` (`chal_id`, `librarian_id`, `bl_id`, `challenge_name`, `due_date`) VALUES (2, 9, 2, 'Adventure Challenge', '2022-02-22');
INSERT IGNORE INTO `Challenge` (`chal_id`, `librarian_id`, `bl_id`, `challenge_name`, `due_date`) VALUES (3, 9, 2, 'Bloody Challenge', '2023-03-10');

/* Edition */
INSERT IGNORE INTO `Edition` (`ed_id`, `book_id`, `name`, `format`, `translator`, `language`, `publish_date`, `page`, `author_name`) VALUES (1, 6, 'nemo', 'nostrum', 'Prof. Roman Dibbert', 'it', '2004-05-05', 191, 'Prof. Virgil Schowalter');
INSERT IGNORE INTO `Edition` (`ed_id`, `book_id`, `name`, `format`, `translator`, `language`, `publish_date`, `page`, `author_name`) VALUES (2, 7, 'magnam', 'pariatur', 'Mr. Skylar Rolfson', 'es', '1974-09-07', 93, 'Kelli Bashirian');
INSERT IGNORE INTO `Edition` (`ed_id`, `book_id`, `name`, `format`, `translator`, `language`, `publish_date`, `page`, `author_name`) VALUES (3, 1, 'quod', 'reiciendis', 'Odie Muller', 'fr', '2003-01-13', 46, 'Mr. Alexander Padberg PhD');
INSERT IGNORE INTO `Edition` (`ed_id`, `book_id`, `name`, `format`, `translator`, `language`, `publish_date`, `page`, `author_name`) VALUES (4, 7, 'tempore', 'accusantium', 'Meagan Kuphal', 'de', '2016-10-30', 182, 'Ellen Feeney DVM');
INSERT IGNORE INTO `Edition` (`ed_id`, `book_id`, `name`, `format`, `translator`, `language`, `publish_date`, `page`, `author_name`) VALUES (5, 10, 'beatae', 'sapiente', 'Claud Monahan', 'pt', '2017-03-07', 243, 'Alicia Bayer');
INSERT IGNORE INTO `Edition` (`ed_id`, `book_id`, `name`, `format`, `translator`, `language`, `publish_date`, `page`, `author_name`) VALUES (6, 1, 'laboriosam', 'dolorem', 'Donald Kulas Sr.', 'en', '1972-02-04', 118, 'Cierra Dicki');
INSERT IGNORE INTO `Edition` (`ed_id`, `book_id`, `name`, `format`, `translator`, `language`, `publish_date`, `page`, `author_name`) VALUES (7, 4, 'voluptatem', 'facere', 'Duane Bergnaum', 'en', '1987-07-22', 79, 'Janie Bartell');
INSERT IGNORE INTO `Edition` (`ed_id`, `book_id`, `name`, `format`, `translator`, `language`, `publish_date`, `page`, `author_name`) VALUES (8, 10, 'illum', 'molestias', 'Dr. Van Armstrong', 'de', '2010-04-29', 172, 'Jack Little V');
INSERT IGNORE INTO `Edition` (`ed_id`, `book_id`, `name`, `format`, `translator`, `language`, `publish_date`, `page`, `author_name`) VALUES (9, 3, 'enim', 'asperiores', 'Adolf Ledner V', 'cn', '1970-11-30', 71, 'Dr. Meredith Hegmann');
INSERT IGNORE INTO `Edition` (`ed_id`, `book_id`, `name`, `format`, `translator`, `language`, `publish_date`, `page`, `author_name`) VALUES (10, 3, 'porro', 'qui', 'Ottis Smitham III', 'pt', '2006-06-13', 255, 'Foster Moore');


/*Progress*/

INSERT IGNORE INTO `Progress` (`pro_id`, `page_number`, `date`) VALUES (1, 100, '1970-01-19 01:11:27');
INSERT IGNORE INTO `Progress` (`pro_id`, `page_number`, `date`) VALUES (2, 10, '2014-06-25 11:31:15');
INSERT IGNORE INTO `Progress` (`pro_id`, `page_number`, `date`) VALUES (3, 55, '1996-01-19 04:34:49');
INSERT IGNORE INTO `Progress` (`pro_id`, `page_number`, `date`) VALUES (4, 155, '1976-01-28 04:27:31');
INSERT IGNORE INTO `Progress` (`pro_id`, `page_number`, `date`) VALUES (5, 137, '2000-06-09 11:54:56');
INSERT IGNORE INTO `Progress` (`pro_id`, `page_number`, `date`) VALUES (6, 100, '2011-03-30 15:35:35');
INSERT IGNORE INTO `Progress` (`pro_id`, `page_number`, `date`) VALUES (7, 249, '1987-12-09 03:21:26');
INSERT IGNORE INTO `Progress` (`pro_id`, `page_number`, `date`) VALUES (8, 116, '1989-06-23 17:12:12');
INSERT IGNORE INTO `Progress` (`pro_id`, `page_number`, `date`) VALUES (9, 50, '2010-09-30 15:49:37');
INSERT IGNORE INTO `Progress` (`pro_id`, `page_number`, `date`) VALUES (10, 25, '1999-12-29 03:02:32');
INSERT IGNORE INTO `Progress` (`pro_id`, `page_number`, `date`) VALUES (11, 100, '1979-01-16 01:56:07');
INSERT IGNORE INTO `Progress` (`pro_id`, `page_number`, `date`) VALUES (12, 193, '2009-11-07 01:18:41');
INSERT IGNORE INTO `Progress` (`pro_id`, `page_number`, `date`) VALUES (13, 214, '1995-01-28 19:25:24');
INSERT IGNORE INTO `Progress` (`pro_id`, `page_number`, `date`) VALUES (14, 30, '1985-02-02 19:19:44');
INSERT IGNORE INTO `Progress` (`pro_id`, `page_number`, `date`) VALUES (15, 137, '1975-02-16 18:14:33');
INSERT IGNORE INTO `Progress` (`pro_id`, `page_number`, `date`) VALUES (16, 92, '2013-10-08 19:50:08');
INSERT IGNORE INTO `Progress` (`pro_id`, `page_number`, `date`) VALUES (17, 33, '1988-08-05 15:56:12');
INSERT IGNORE INTO `Progress` (`pro_id`, `page_number`, `date`) VALUES (18, 130, '1989-10-02 17:14:03');
INSERT IGNORE INTO `Progress` (`pro_id`, `page_number`, `date`) VALUES (19, 120, '1995-03-12 14:54:12');
INSERT IGNORE INTO `Progress` (`pro_id`, `page_number`, `date`) VALUES (20, 149, '1983-11-09 15:54:29');

/* Series */

INSERT IGNORE INTO `Series` (`ser_id`, `name`) VALUES (1, 'quod');
INSERT IGNORE INTO `Series` (`ser_id`, `name`) VALUES (2, 'corporis');
INSERT IGNORE INTO `Series` (`ser_id`, `name`) VALUES (3, 'alias');
INSERT IGNORE INTO `Series` (`ser_id`, `name`) VALUES (4, 'ab');

/* Follows */

INSERT IGNORE INTO `follows` (`user_id`, `tid`) VALUES (2, 3);
INSERT IGNORE INTO `follows` (`user_id`, `tid`) VALUES (3, 4);
INSERT IGNORE INTO `follows` (`user_id`, `tid`) VALUES (5, 2);
INSERT IGNORE INTO `follows` (`user_id`, `tid`) VALUES (5, 3);
INSERT IGNORE INTO `follows` (`user_id`, `tid`) VALUES (5, 4);
INSERT IGNORE INTO `follows` (`user_id`, `tid`) VALUES (5, 6);
INSERT IGNORE INTO `follows` (`user_id`, `tid`) VALUES (6, 5);
INSERT IGNORE INTO `follows` (`user_id`, `tid`) VALUES (9, 1);

/* has books */

INSERT IGNORE INTO `has_books` (`book_id`, `bl_id`) VALUES (2, 1);
INSERT IGNORE INTO `has_books` (`book_id`, `bl_id`) VALUES (2, 2);
INSERT IGNORE INTO `has_books` (`book_id`, `bl_id`) VALUES (3, 1);
INSERT IGNORE INTO `has_books` (`book_id`, `bl_id`) VALUES (4, 1);
INSERT IGNORE INTO `has_books` (`book_id`, `bl_id`) VALUES (4, 2);
INSERT IGNORE INTO `has_books` (`book_id`, `bl_id`) VALUES (7, 1);
INSERT IGNORE INTO `has_books` (`book_id`, `bl_id`) VALUES (7, 2);
INSERT IGNORE INTO `has_books` (`book_id`, `bl_id`) VALUES (8, 2);
INSERT IGNORE INTO `has_books` (`book_id`, `bl_id`) VALUES (10, 1);

/* joins_challanges */

INSERT IGNORE INTO `joins_challenge` (`user_id`, `chal_id`, `book_read`) VALUES (1, 3, 4);
INSERT IGNORE INTO `joins_challenge` (`user_id`, `chal_id`, `book_read`) VALUES (3, 1, 4);
INSERT IGNORE INTO `joins_challenge` (`user_id`, `chal_id`, `book_read`) VALUES (5, 1, 1);
INSERT IGNORE INTO `joins_challenge` (`user_id`, `chal_id`, `book_read`) VALUES (5, 2, 2);
INSERT IGNORE INTO `joins_challenge` (`user_id`, `chal_id`, `book_read`) VALUES (6, 2, 2);
INSERT IGNORE INTO `joins_challenge` (`user_id`, `chal_id`, `book_read`) VALUES (8, 3, 3);
INSERT IGNORE INTO `joins_challenge` (`user_id`, `chal_id`, `book_read`) VALUES (9, 3, 4);

/* mark_progress */

INSERT IGNORE INTO `mark_progress` VALUES (12, 3, 1);
INSERT IGNORE INTO `mark_progress` VALUES (9, 7, 2);
INSERT IGNORE INTO `mark_progress` VALUES (7, 4, 3);
INSERT IGNORE INTO `mark_progress` VALUES (14, 9, 4);
INSERT IGNORE INTO `mark_progress` VALUES (19, 1, 5);
INSERT IGNORE INTO `mark_progress` VALUES (2, 2, 6);
INSERT IGNORE INTO `mark_progress` VALUES (7, 6, 7);
INSERT IGNORE INTO `mark_progress` VALUES (7, 9, 8);
INSERT IGNORE INTO `mark_progress` VALUES (9, 8, 9);
INSERT IGNORE INTO `mark_progress` VALUES (19, 8, 10);
INSERT IGNORE INTO `mark_progress` VALUES (17, 3, 11);
INSERT IGNORE INTO `mark_progress` VALUES (19, 1, 12);
INSERT IGNORE INTO `mark_progress` VALUES (19, 9, 13);
INSERT IGNORE INTO `mark_progress` VALUES (14, 8, 14);
INSERT IGNORE INTO `mark_progress` VALUES (4, 5, 15);
INSERT IGNORE INTO `mark_progress` VALUES (1, 1, 16);
INSERT IGNORE INTO `mark_progress` VALUES (15, 2, 17);
INSERT IGNORE INTO `mark_progress` VALUES (10, 2, 18);
INSERT IGNORE INTO `mark_progress` VALUES (15, 5, 19);
INSERT IGNORE INTO `mark_progress` VALUES (6, 9, 20);


/* progress_comment */
INSERT IGNORE INTO `progress_comment` (`cid`, `pro_id`) VALUES (8, 13);
INSERT IGNORE INTO `progress_comment` (`cid`, `pro_id`) VALUES (10, 13);
INSERT IGNORE INTO `progress_comment` (`cid`, `pro_id`) VALUES (2, 17);
INSERT IGNORE INTO `progress_comment` (`cid`, `pro_id`) VALUES (1, 18);

/* recommend */

INSERT IGNORE INTO `recommend` (`user_id`, `book_id`, `friend_id`) VALUES (4, 4, 2);
INSERT IGNORE INTO `recommend` (`user_id`, `book_id`, `friend_id`) VALUES (6, 5, 10);

/* requests */

INSERT IGNORE INTO `requests` (`book_id`, `user_id`, `librarian_id`, `request_msg`, `approved`) VALUES (1, 5, 9, 'Porro ut deleniti quasi cupiditate error. Aspernatur fugit ad adipisci totam accusantium.', 1);
INSERT IGNORE INTO `requests` (`book_id`, `user_id`, `librarian_id`, `request_msg`, `approved`) VALUES (2, 6, 9, 'Illum facilis aut et sed. Dolorum reiciendis aut doloribus dolores porro placeat beatae.', 1);
INSERT IGNORE INTO `requests` (`book_id`, `user_id`, `librarian_id`, `request_msg`, `approved`) VALUES (2, 7, 9, 'Magnam asperiores dolorem quasi asperiores ipsa omnis. Omnis quis odio et eveniet quaerat dolorem.', 0);
INSERT IGNORE INTO `requests` (`book_id`, `user_id`, `librarian_id`, `request_msg`, `approved`) VALUES (4, 4, 9, 'Eos commodi quis corporis nesciunt beatae quod.', 0);
INSERT IGNORE INTO `requests` (`book_id`, `user_id`, `librarian_id`, `request_msg`, `approved`) VALUES (4, 5, 9, 'Blanditiis magni iste molestias est.', 0);

/* review */
INSERT IGNORE INTO `review` (`user_id`, `book_id`, `rating`, `comment`, `reply`) VALUES (1, 1, 6, 'Qui consequatur omnis atque.', 'Laboriosam magni et ut totam et. Voluptates assumenda voluptate libero aut dolores.');
INSERT IGNORE INTO `review` (`user_id`, `book_id`, `rating`, `comment`, `reply`) VALUES (1, 5, 3, 'Rerum accusamus ut quo fugit ex odio dolorem et. Quis nemo quasi non aut quos laborum quo sint.', 'Accusantium eum qui et ut. Odit amet inventore vel dolorem.');
INSERT IGNORE INTO `review` (`user_id`, `book_id`, `rating`, `comment`, `reply`) VALUES (9, 6, 3, 'Atque aspernatur cumque unde est fugit optio.', 'Rem nemo commodi laboriosam voluptatibus. Id saepe et corporis sint facilis rerum.');
INSERT IGNORE INTO `review` (`user_id`, `book_id`, `rating`, `comment`, `reply`) VALUES (10, 1, 8, 'Accusamus explicabo omnis maiores. Sed harum consequatur sit dolor aut possimus voluptatibus illum.', 'Consequatur voluptas deleniti atque dolorem. Consequatur laudantium ut esse delectus dolores est.');


/* series_of */

INSERT IGNORE INTO `series_of` (`book_id`, `ser_id`) VALUES (3, 2);
INSERT IGNORE INTO `series_of` (`book_id`, `ser_id`) VALUES (7, 2);
INSERT IGNORE INTO `series_of` (`book_id`, `ser_id`) VALUES (4, 3);
INSERT IGNORE INTO `series_of` (`book_id`, `ser_id`) VALUES (5, 4);

/* AUTH */
INSERT IGNORE INTO `auth` VALUES ('2021-07-16 23:19:42', 'admin1', 1);
INSERT IGNORE INTO `auth` VALUES ('2021-07-15 22:29:02', 'admin', 3);
INSERT IGNORE INTO `auth` VALUES ('2021-07-15 22:29:02', 'bulut', 9);